<?xml version="1.0" encoding="UTF-8"?>
<mxfile host="app.diagrams.net" modified="2024-04-20T08:02:13.931Z" agent="Mozilla/5.0 (Windows NT 10.0; Win64; x64) AppleWebKit/537.36 (KHTML, like Gecko) Chrome/123.0.0.0 Safari/537.36" etag="j63g7HQvAzt9AMoVovMg" version="24.2.5" type="device">
  <diagram name="Page-1" id="s3ZcfYslqfeUTJ-ldJgY">
    <mxGraphModel dx="880" dy="468" grid="1" gridSize="10" guides="1" tooltips="1" connect="1" arrows="1" fold="1" page="1" pageScale="1" pageWidth="850" pageHeight="1100" math="0" shadow="0">
      <root>
        <mxCell id="0" />
        <mxCell id="1" parent="0" />
        <mxCell id="vR_qDsEIZyTxQQqXrvcv-3" value="&lt;b&gt;Victime Machine&lt;/b&gt;" style="rounded=1;whiteSpace=wrap;html=1;fontFamily=Times New Roman;fontSize=13;fillColor=#d5e8d4;gradientColor=#97d077;strokeColor=#82b366;" vertex="1" parent="1">
          <mxGeometry x="480" y="590" width="120" height="40" as="geometry" />
        </mxCell>
        <mxCell id="vR_qDsEIZyTxQQqXrvcv-4" value="&lt;b&gt;C&amp;amp;C server&lt;/b&gt;" style="rounded=1;whiteSpace=wrap;html=1;fontFamily=Times New Roman;fontSize=13;fillColor=#f8cecc;gradientColor=#ea6b66;strokeColor=#b85450;" vertex="1" parent="1">
          <mxGeometry x="680" y="590" width="125" height="40" as="geometry" />
        </mxCell>
        <mxCell id="vR_qDsEIZyTxQQqXrvcv-5" value="&lt;b&gt;Victime machine&lt;/b&gt;" style="shape=umlLifeline;perimeter=lifelinePerimeter;whiteSpace=wrap;html=1;container=1;dropTarget=0;collapsible=0;recursiveResize=0;outlineConnect=0;portConstraint=eastwest;newEdgeStyle={&quot;curved&quot;:0,&quot;rounded&quot;:0};fontFamily=Times New Roman;fontSize=13;fillColor=#d5e8d4;gradientColor=#97d077;strokeColor=#82b366;" vertex="1" parent="1">
          <mxGeometry x="480" y="100" width="100" height="490" as="geometry" />
        </mxCell>
        <mxCell id="vR_qDsEIZyTxQQqXrvcv-6" value="&lt;b&gt;C&amp;amp;C server&lt;/b&gt;" style="shape=umlLifeline;perimeter=lifelinePerimeter;whiteSpace=wrap;html=1;container=1;dropTarget=0;collapsible=0;recursiveResize=0;outlineConnect=0;portConstraint=eastwest;newEdgeStyle={&quot;curved&quot;:0,&quot;rounded&quot;:0};fontFamily=Times New Roman;fontSize=13;fillColor=#f8cecc;gradientColor=#ea6b66;strokeColor=#b85450;" vertex="1" parent="1">
          <mxGeometry x="690" y="100" width="100" height="490" as="geometry" />
        </mxCell>
        <mxCell id="vR_qDsEIZyTxQQqXrvcv-7" value="Initiate Connection" style="html=1;verticalAlign=bottom;endArrow=block;curved=0;rounded=0;fontFamily=Times New Roman;fontSize=13;" edge="1" parent="1" target="vR_qDsEIZyTxQQqXrvcv-6">
          <mxGeometry width="80" relative="1" as="geometry">
            <mxPoint x="530" y="170" as="sourcePoint" />
            <mxPoint x="610" y="170" as="targetPoint" />
          </mxGeometry>
        </mxCell>
        <mxCell id="vR_qDsEIZyTxQQqXrvcv-9" value="Request Public Key" style="html=1;verticalAlign=bottom;endArrow=block;curved=0;rounded=0;fontFamily=Times New Roman;fontSize=13;" edge="1" parent="1">
          <mxGeometry width="80" relative="1" as="geometry">
            <mxPoint x="530" y="230" as="sourcePoint" />
            <mxPoint x="739.5" y="230" as="targetPoint" />
          </mxGeometry>
        </mxCell>
        <mxCell id="vR_qDsEIZyTxQQqXrvcv-14" value="Encrypt Files" style="html=1;verticalAlign=bottom;endArrow=block;curved=0;rounded=0;fontFamily=Times New Roman;fontSize=13;" edge="1" parent="1" target="vR_qDsEIZyTxQQqXrvcv-6">
          <mxGeometry width="80" relative="1" as="geometry">
            <mxPoint x="530" y="320" as="sourcePoint" />
            <mxPoint x="610" y="320" as="targetPoint" />
          </mxGeometry>
        </mxCell>
        <mxCell id="vR_qDsEIZyTxQQqXrvcv-16" value="Generate ransom Note" style="html=1;verticalAlign=bottom;endArrow=block;curved=0;rounded=0;fontFamily=Times New Roman;fontSize=13;" edge="1" parent="1" target="vR_qDsEIZyTxQQqXrvcv-6">
          <mxGeometry width="80" relative="1" as="geometry">
            <mxPoint x="530" y="380" as="sourcePoint" />
            <mxPoint x="610" y="380" as="targetPoint" />
          </mxGeometry>
        </mxCell>
        <mxCell id="vR_qDsEIZyTxQQqXrvcv-18" value="Confirm Payment" style="html=1;verticalAlign=bottom;endArrow=block;curved=0;rounded=0;fontFamily=Times New Roman;fontSize=13;" edge="1" parent="1" target="vR_qDsEIZyTxQQqXrvcv-6">
          <mxGeometry width="80" relative="1" as="geometry">
            <mxPoint x="530" y="440" as="sourcePoint" />
            <mxPoint x="610" y="440" as="targetPoint" />
          </mxGeometry>
        </mxCell>
        <mxCell id="vR_qDsEIZyTxQQqXrvcv-19" value="Payment verified" style="html=1;verticalAlign=bottom;endArrow=open;dashed=1;endSize=8;curved=0;rounded=0;fontFamily=Times New Roman;fontSize=13;" edge="1" parent="1" source="vR_qDsEIZyTxQQqXrvcv-6">
          <mxGeometry relative="1" as="geometry">
            <mxPoint x="610" y="470" as="sourcePoint" />
            <mxPoint x="530" y="470" as="targetPoint" />
          </mxGeometry>
        </mxCell>
        <mxCell id="vR_qDsEIZyTxQQqXrvcv-21" value="Description Key Send" style="html=1;verticalAlign=bottom;endArrow=open;dashed=1;endSize=8;curved=0;rounded=0;fontFamily=Times New Roman;fontSize=13;" edge="1" parent="1" source="vR_qDsEIZyTxQQqXrvcv-6">
          <mxGeometry relative="1" as="geometry">
            <mxPoint x="610" y="500" as="sourcePoint" />
            <mxPoint x="530" y="500" as="targetPoint" />
          </mxGeometry>
        </mxCell>
        <mxCell id="vR_qDsEIZyTxQQqXrvcv-22" value="Data Description" style="html=1;verticalAlign=bottom;endArrow=block;curved=0;rounded=0;fontFamily=Times New Roman;fontSize=13;" edge="1" parent="1" target="vR_qDsEIZyTxQQqXrvcv-6">
          <mxGeometry width="80" relative="1" as="geometry">
            <mxPoint x="530" y="530" as="sourcePoint" />
            <mxPoint x="610" y="530" as="targetPoint" />
          </mxGeometry>
        </mxCell>
        <mxCell id="vR_qDsEIZyTxQQqXrvcv-23" value="Files Descripted" style="html=1;verticalAlign=bottom;endArrow=open;dashed=1;endSize=8;curved=0;rounded=0;fontFamily=Times New Roman;fontSize=13;" edge="1" parent="1" source="vR_qDsEIZyTxQQqXrvcv-6">
          <mxGeometry relative="1" as="geometry">
            <mxPoint x="610" y="560" as="sourcePoint" />
            <mxPoint x="530" y="560" as="targetPoint" />
          </mxGeometry>
        </mxCell>
        <mxCell id="vR_qDsEIZyTxQQqXrvcv-24" value="Connection Establish" style="html=1;verticalAlign=bottom;endArrow=open;dashed=1;endSize=8;curved=0;rounded=0;fontFamily=Times New Roman;fontSize=13;" edge="1" parent="1" source="vR_qDsEIZyTxQQqXrvcv-6">
          <mxGeometry relative="1" as="geometry">
            <mxPoint x="610" y="200" as="sourcePoint" />
            <mxPoint x="530" y="200" as="targetPoint" />
          </mxGeometry>
        </mxCell>
        <mxCell id="vR_qDsEIZyTxQQqXrvcv-25" value="Public Key Send" style="html=1;verticalAlign=bottom;endArrow=open;dashed=1;endSize=8;curved=0;rounded=0;fontFamily=Times New Roman;fontSize=13;" edge="1" parent="1" source="vR_qDsEIZyTxQQqXrvcv-6">
          <mxGeometry relative="1" as="geometry">
            <mxPoint x="610" y="260" as="sourcePoint" />
            <mxPoint x="530" y="260" as="targetPoint" />
          </mxGeometry>
        </mxCell>
        <mxCell id="vR_qDsEIZyTxQQqXrvcv-26" value="Publoic Key Received" style="html=1;verticalAlign=bottom;endArrow=open;dashed=1;endSize=8;curved=0;rounded=0;fontFamily=Times New Roman;fontSize=13;" edge="1" parent="1" source="vR_qDsEIZyTxQQqXrvcv-6">
          <mxGeometry relative="1" as="geometry">
            <mxPoint x="610" y="290" as="sourcePoint" />
            <mxPoint x="530" y="290" as="targetPoint" />
          </mxGeometry>
        </mxCell>
        <mxCell id="vR_qDsEIZyTxQQqXrvcv-27" value="File Encrypted" style="html=1;verticalAlign=bottom;endArrow=open;dashed=1;endSize=8;curved=0;rounded=0;fontFamily=Times New Roman;fontSize=13;" edge="1" parent="1" source="vR_qDsEIZyTxQQqXrvcv-6">
          <mxGeometry relative="1" as="geometry">
            <mxPoint x="610" y="350" as="sourcePoint" />
            <mxPoint x="530" y="350" as="targetPoint" />
          </mxGeometry>
        </mxCell>
        <mxCell id="vR_qDsEIZyTxQQqXrvcv-28" value="Ransom Note Generated" style="html=1;verticalAlign=bottom;endArrow=open;dashed=1;endSize=8;curved=0;rounded=0;fontFamily=Times New Roman;fontSize=13;" edge="1" parent="1" source="vR_qDsEIZyTxQQqXrvcv-6">
          <mxGeometry relative="1" as="geometry">
            <mxPoint x="610" y="410" as="sourcePoint" />
            <mxPoint x="530" y="410" as="targetPoint" />
          </mxGeometry>
        </mxCell>
      </root>
    </mxGraphModel>
  </diagram>
</mxfile>
